{"cameraMode":{"drawMode":0,"name":"Shaded","section":"Shading Mode"},"sceneLighting":false,"audioPlay":false,"sceneViewState":{"m_AlwaysRefresh":false,"showFog":true,"showSkybox":false,"showFlares":true,"showImageEffects":true,"showParticleSystems":true,"showVisualEffectGraphs":true,"m_FxEnabled":false},"in2DMode":false,"pivot":{"x":-0.8275216817855835,"y":0.33846405148506167,"z":-0.24961823225021363},"rotation":{"x":-0.19954189658164979,"y":0.03174922615289688,"z":-0.0064734057523310188,"w":-0.9793381094932556},"size":0.526793360710144,"orthographic":false}