{"cameraMode":{"drawMode":0,"name":"Shaded","section":"Shading Mode"},"sceneLighting":false,"audioPlay":false,"sceneViewState":{"m_AlwaysRefresh":false,"showFog":true,"showSkybox":true,"showFlares":true,"showImageEffects":true,"showParticleSystems":true,"showVisualEffectGraphs":true,"m_FxEnabled":true},"in2DMode":false,"pivot":{"x":-4.229689121246338,"y":2.1669247150421144,"z":-2.3568248748779299},"rotation":{"x":-0.021554701030254365,"y":-0.4942341446876526,"z":0.034064311534166339,"w":-0.8683323860168457},"size":1.1785410642623902,"orthographic":false}