{"cameraMode":{"drawMode":0,"name":"Shaded","section":"Shading Mode"},"sceneLighting":false,"audioPlay":false,"sceneViewState":{"m_AlwaysRefresh":false,"showFog":true,"showSkybox":true,"showFlares":true,"showImageEffects":true,"showParticleSystems":true,"showVisualEffectGraphs":true,"m_FxEnabled":true},"in2DMode":false,"pivot":{"x":0.4821726083755493,"y":0.7410140633583069,"z":0.07275846600532532},"rotation":{"x":0.005303873214870691,"y":-0.7109094858169556,"z":-0.005301801487803459,"w":-0.7032963037490845},"size":0.08055338263511658,"orthographic":false}