{"cameraMode":{"drawMode":0,"name":"Shaded","section":"Shading Mode"},"sceneLighting":false,"audioPlay":false,"sceneViewState":{"m_AlwaysRefresh":false,"showFog":true,"showSkybox":true,"showFlares":true,"showImageEffects":true,"showParticleSystems":true,"showVisualEffectGraphs":true,"m_FxEnabled":true},"in2DMode":false,"pivot":{"x":-111.24907684326172,"y":32.077842712402347,"z":21.10826301574707},"rotation":{"x":0.10285384207963944,"y":-0.7583937048912048,"z":0.6316888332366943,"w":0.12348529696464539},"size":124.40802764892578,"orthographic":false}