{"cameraMode":{"drawMode":0,"name":"Shaded","section":"Shading Mode"},"sceneLighting":true,"audioPlay":false,"sceneViewState":{"m_AlwaysRefresh":false,"showFog":true,"showSkybox":true,"showFlares":true,"showImageEffects":true,"showParticleSystems":true,"showVisualEffectGraphs":true,"m_FxEnabled":true},"in2DMode":false,"pivot":{"x":3.789656639099121,"y":0.6047818660736084,"z":-1.770319938659668},"rotation":{"x":0.00211509526707232,"y":0.9850301146507263,"z":-0.17193768918514253,"w":0.012117457576096058},"size":3.701478958129883,"orthographic":false}