{"cameraMode":{"drawMode":0,"name":"Shaded","section":"Shading Mode"},"sceneLighting":false,"audioPlay":false,"sceneViewState":{"m_AlwaysRefresh":false,"showFog":true,"showSkybox":true,"showFlares":true,"showImageEffects":true,"showParticleSystems":true,"showVisualEffectGraphs":true,"m_FxEnabled":true},"in2DMode":false,"pivot":{"x":316.0018310546875,"y":182.96310424804688,"z":0.22707796096801759},"rotation":{"x":0.01349782757461071,"y":-0.01259035523980856,"z":-0.00017877962091006339,"w":-0.9998142123222351},"size":99.3693618774414,"orthographic":false}